model,accuracy,auc_score,improvement_vs_baseline
Logistic Regression,0.6950354609929078,0.8207431604736627,0.0
XGBoost,0.6808510638297872,0.7841465904450796,-2.0408163265306154
